{"cameraMode":{"drawMode":0,"name":"Shaded","section":"Shading Mode"},"sceneLighting":false,"audioPlay":false,"sceneViewState":{"showFog":true,"showMaterialUpdate":false,"showSkybox":true,"showFlares":true,"showImageEffects":true,"showParticleSystems":true},"in2DMode":false,"pivot":{"x":-14.546710014343262,"y":10.673650741577149,"z":17.788545608520509},"rotation":{"x":-0.09076762944459915,"y":0.8484717011451721,"z":-0.1546674221754074,"w":-0.4979307949542999},"size":31.920560836791993,"orthographic":false}