{"cameraMode":{"drawMode":0,"name":"Shaded","section":"Shading Mode"},"sceneLighting":false,"audioPlay":false,"sceneViewState":{"showFog":true,"showMaterialUpdate":false,"showSkybox":true,"showFlares":true,"showImageEffects":true,"showParticleSystems":true},"in2DMode":false,"pivot":{"x":-14.8100004196167,"y":14.15999984741211,"z":9.640000343322754},"rotation":{"x":-0.09076762944459915,"y":0.8484717011451721,"z":-0.1546674221754074,"w":-0.4979307949542999},"size":48.69834518432617,"orthographic":false}