{"cameraMode":{"drawMode":0,"name":"Shaded","section":"Shading Mode"},"sceneLighting":false,"audioPlay":false,"sceneViewState":{"showFog":true,"showMaterialUpdate":false,"showSkybox":true,"showFlares":true,"showImageEffects":true,"showParticleSystems":true},"in2DMode":false,"pivot":{"x":-114.5999984741211,"y":0.559999942779541,"z":116.30000305175781},"rotation":{"x":-0.09076762944459915,"y":0.8484717011451721,"z":-0.1546674221754074,"w":-0.4979307949542999},"size":5.848196983337402,"orthographic":false}